date,aggdemand,cpi,payems,empl_kern_nsa,empl_mckenzie_nsa,empl_karnes_nsa,empl_eddy_nsa,empl_weld_nsa
1939-01-01,NA,NA,29923,NA,NA,NA,NA,NA
1939-02-01,NA,NA,30100,NA,NA,NA,NA,NA
1939-03-01,NA,NA,30280,NA,NA,NA,NA,NA
1939-04-01,NA,NA,30094,NA,NA,NA,NA,NA
1939-05-01,NA,NA,30299,NA,NA,NA,NA,NA
1939-06-01,NA,NA,30502,NA,NA,NA,NA,NA
1939-07-01,NA,NA,30419,NA,NA,NA,NA,NA
1939-08-01,NA,NA,30663,NA,NA,NA,NA,NA
1939-09-01,NA,NA,31031,NA,NA,NA,NA,NA
1939-10-01,NA,NA,31411,NA,NA,NA,NA,NA
1939-11-01,NA,NA,31470,NA,NA,NA,NA,NA
1939-12-01,NA,NA,31542,NA,NA,NA,NA,NA
1940-01-01,NA,NA,31603,NA,NA,NA,NA,NA
1940-02-01,NA,NA,31715,NA,NA,NA,NA,NA
1940-03-01,NA,NA,31825,NA,NA,NA,NA,NA
1940-04-01,NA,NA,31701,NA,NA,NA,NA,NA
1940-05-01,NA,NA,31879,NA,NA,NA,NA,NA
1940-06-01,NA,NA,31977,NA,NA,NA,NA,NA
1940-07-01,NA,NA,31942,NA,NA,NA,NA,NA
1940-08-01,NA,NA,32352,NA,NA,NA,NA,NA
1940-09-01,NA,NA,32810,NA,NA,NA,NA,NA
1940-10-01,NA,NA,33267,NA,NA,NA,NA,NA
1940-11-01,NA,NA,33669,NA,NA,NA,NA,NA
1940-12-01,NA,NA,34174,NA,NA,NA,NA,NA
1941-01-01,NA,NA,34481,NA,NA,NA,NA,NA
1941-02-01,NA,NA,34843,NA,NA,NA,NA,NA
1941-03-01,NA,NA,35092,NA,NA,NA,NA,NA
1941-04-01,NA,NA,35468,NA,NA,NA,NA,NA
1941-05-01,NA,NA,36182,NA,NA,NA,NA,NA
1941-06-01,NA,NA,36650,NA,NA,NA,NA,NA
1941-07-01,NA,NA,37137,NA,NA,NA,NA,NA
1941-08-01,NA,NA,37544,NA,NA,NA,NA,NA
1941-09-01,NA,NA,37835,NA,NA,NA,NA,NA
1941-10-01,NA,NA,37949,NA,NA,NA,NA,NA
1941-11-01,NA,NA,38024,NA,NA,NA,NA,NA
1941-12-01,NA,NA,38104,NA,NA,NA,NA,NA
1942-01-01,NA,NA,38347,NA,NA,NA,NA,NA
1942-02-01,NA,NA,38512,NA,NA,NA,NA,NA
1942-03-01,NA,NA,38935,NA,NA,NA,NA,NA
1942-04-01,NA,NA,39352,NA,NA,NA,NA,NA
1942-05-01,NA,NA,39771,NA,NA,NA,NA,NA
1942-06-01,NA,NA,40029,NA,NA,NA,NA,NA
1942-07-01,NA,NA,40472,NA,NA,NA,NA,NA
1942-08-01,NA,NA,40988,NA,NA,NA,NA,NA
1942-09-01,NA,NA,41259,NA,NA,NA,NA,NA
1942-10-01,NA,NA,41515,NA,NA,NA,NA,NA
1942-11-01,NA,NA,41674,NA,NA,NA,NA,NA
1942-12-01,NA,NA,41915,NA,NA,NA,NA,NA
1943-01-01,NA,NA,42172,NA,NA,NA,NA,NA
1943-02-01,NA,NA,42393,NA,NA,NA,NA,NA
1943-03-01,NA,NA,42552,NA,NA,NA,NA,NA
1943-04-01,NA,NA,42647,NA,NA,NA,NA,NA
1943-05-01,NA,NA,42596,NA,NA,NA,NA,NA
1943-06-01,NA,NA,42781,NA,NA,NA,NA,NA
1943-07-01,NA,NA,42700,NA,NA,NA,NA,NA
1943-08-01,NA,NA,42546,NA,NA,NA,NA,NA
1943-09-01,NA,NA,42492,NA,NA,NA,NA,NA
1943-10-01,NA,NA,42675,NA,NA,NA,NA,NA
1943-11-01,NA,NA,42821,NA,NA,NA,NA,NA
1943-12-01,NA,NA,42746,NA,NA,NA,NA,NA
1944-01-01,NA,NA,42654,NA,NA,NA,NA,NA
1944-02-01,NA,NA,42538,NA,NA,NA,NA,NA
1944-03-01,NA,NA,42294,NA,NA,NA,NA,NA
1944-04-01,NA,NA,42063,NA,NA,NA,NA,NA
1944-05-01,NA,NA,41985,NA,NA,NA,NA,NA
1944-06-01,NA,NA,41947,NA,NA,NA,NA,NA
1944-07-01,NA,NA,41904,NA,NA,NA,NA,NA
1944-08-01,NA,NA,41850,NA,NA,NA,NA,NA
1944-09-01,NA,NA,41679,NA,NA,NA,NA,NA
1944-10-01,NA,NA,41708,NA,NA,NA,NA,NA
1944-11-01,NA,NA,41711,NA,NA,NA,NA,NA
1944-12-01,NA,NA,41860,NA,NA,NA,NA,NA
1945-01-01,NA,NA,41895,NA,NA,NA,NA,NA
1945-02-01,NA,NA,41897,NA,NA,NA,NA,NA
1945-03-01,NA,NA,41798,NA,NA,NA,NA,NA
1945-04-01,NA,NA,41446,NA,NA,NA,NA,NA
1945-05-01,NA,NA,41304,NA,NA,NA,NA,NA
1945-06-01,NA,NA,41149,NA,NA,NA,NA,NA
1945-07-01,NA,NA,40874,NA,NA,NA,NA,NA
1945-08-01,NA,NA,40466,NA,NA,NA,NA,NA
1945-09-01,NA,NA,38507,NA,NA,NA,NA,NA
1945-10-01,NA,NA,38600,NA,NA,NA,NA,NA
1945-11-01,NA,NA,38996,NA,NA,NA,NA,NA
1945-12-01,NA,NA,39110,NA,NA,NA,NA,NA
1946-01-01,NA,NA,39829,NA,NA,NA,NA,NA
1946-02-01,NA,NA,39244,NA,NA,NA,NA,NA
1946-03-01,NA,NA,40195,NA,NA,NA,NA,NA
1946-04-01,NA,NA,40913,NA,NA,NA,NA,NA
1946-05-01,NA,NA,41349,NA,NA,NA,NA,NA
1946-06-01,NA,NA,41735,NA,NA,NA,NA,NA
1946-07-01,NA,NA,42153,NA,NA,NA,NA,NA
1946-08-01,NA,NA,42642,NA,NA,NA,NA,NA
1946-09-01,NA,NA,42915,NA,NA,NA,NA,NA
1946-10-01,NA,NA,43093,NA,NA,NA,NA,NA
1946-11-01,NA,NA,43395,NA,NA,NA,NA,NA
1946-12-01,NA,NA,43379,NA,NA,NA,NA,NA
1947-01-01,NA,21.48,43535,NA,NA,NA,NA,NA
1947-02-01,NA,21.62,43557,NA,NA,NA,NA,NA
1947-03-01,NA,22,43607,NA,NA,NA,NA,NA
1947-04-01,NA,22,43499,NA,NA,NA,NA,NA
1947-05-01,NA,21.95,43638,NA,NA,NA,NA,NA
1947-06-01,NA,22.08,43810,NA,NA,NA,NA,NA
1947-07-01,NA,22.23,43743,NA,NA,NA,NA,NA
1947-08-01,NA,22.4,43960,NA,NA,NA,NA,NA
1947-09-01,NA,22.84,44203,NA,NA,NA,NA,NA
1947-10-01,NA,22.91,44411,NA,NA,NA,NA,NA
1947-11-01,NA,23.06,44484,NA,NA,NA,NA,NA
1947-12-01,NA,23.41,44581,NA,NA,NA,NA,NA
1948-01-01,NA,23.68,44679,NA,NA,NA,NA,NA
1948-02-01,NA,23.67,44533,NA,NA,NA,NA,NA
1948-03-01,NA,23.5,44683,NA,NA,NA,NA,NA
1948-04-01,NA,23.82,44379,NA,NA,NA,NA,NA
1948-05-01,NA,24.01,44796,NA,NA,NA,NA,NA
1948-06-01,NA,24.15,45034,NA,NA,NA,NA,NA
1948-07-01,NA,24.4,45160,NA,NA,NA,NA,NA
1948-08-01,NA,24.43,45178,NA,NA,NA,NA,NA
1948-09-01,NA,24.36,45294,NA,NA,NA,NA,NA
1948-10-01,NA,24.31,45245,NA,NA,NA,NA,NA
1948-11-01,NA,24.16,45192,NA,NA,NA,NA,NA
1948-12-01,NA,24.05,45032,NA,NA,NA,NA,NA
1949-01-01,NA,24.01,44668,NA,NA,NA,NA,NA
1949-02-01,NA,23.91,44497,NA,NA,NA,NA,NA
1949-03-01,NA,23.91,44240,NA,NA,NA,NA,NA
1949-04-01,NA,23.92,44236,NA,NA,NA,NA,NA
1949-05-01,NA,23.91,43984,NA,NA,NA,NA,NA
1949-06-01,NA,23.92,43739,NA,NA,NA,NA,NA
1949-07-01,NA,23.7,43531,NA,NA,NA,NA,NA
1949-08-01,NA,23.7,43624,NA,NA,NA,NA,NA
1949-09-01,NA,23.75,43780,NA,NA,NA,NA,NA
1949-10-01,NA,23.67,42942,NA,NA,NA,NA,NA
1949-11-01,NA,23.7,43242,NA,NA,NA,NA,NA
1949-12-01,NA,23.61,43522,NA,NA,NA,NA,NA
1950-01-01,NA,23.51,43526,NA,NA,NA,NA,NA
1950-02-01,NA,23.61,43297,NA,NA,NA,NA,NA
1950-03-01,NA,23.64,43954,NA,NA,NA,NA,NA
1950-04-01,NA,23.65,44382,NA,NA,NA,NA,NA
1950-05-01,NA,23.77,44718,NA,NA,NA,NA,NA
1950-06-01,NA,23.88,45083,NA,NA,NA,NA,NA
1950-07-01,NA,24.07,45454,NA,NA,NA,NA,NA
1950-08-01,NA,24.2,46192,NA,NA,NA,NA,NA
1950-09-01,NA,24.34,46438,NA,NA,NA,NA,NA
1950-10-01,NA,24.5,46706,NA,NA,NA,NA,NA
1950-11-01,NA,24.6,46776,NA,NA,NA,NA,NA
1950-12-01,NA,24.98,46861,NA,NA,NA,NA,NA
1951-01-01,NA,25.38,47288,NA,NA,NA,NA,NA
1951-02-01,NA,25.83,47577,NA,NA,NA,NA,NA
1951-03-01,NA,25.88,47873,NA,NA,NA,NA,NA
1951-04-01,NA,25.92,47861,NA,NA,NA,NA,NA
1951-05-01,NA,25.99,47952,NA,NA,NA,NA,NA
1951-06-01,NA,25.93,48064,NA,NA,NA,NA,NA
1951-07-01,NA,25.91,48061,NA,NA,NA,NA,NA
1951-08-01,NA,25.86,48012,NA,NA,NA,NA,NA
1951-09-01,NA,26.03,47954,NA,NA,NA,NA,NA
1951-10-01,NA,26.16,48006,NA,NA,NA,NA,NA
1951-11-01,NA,26.32,48147,NA,NA,NA,NA,NA
1951-12-01,NA,26.47,48314,NA,NA,NA,NA,NA
1952-01-01,NA,26.45,48296,NA,NA,NA,NA,NA
1952-02-01,NA,26.41,48522,NA,NA,NA,NA,NA
1952-03-01,NA,26.39,48504,NA,NA,NA,NA,NA
1952-04-01,NA,26.46,48620,NA,NA,NA,NA,NA
1952-05-01,NA,26.47,48642,NA,NA,NA,NA,NA
1952-06-01,NA,26.53,48282,NA,NA,NA,NA,NA
1952-07-01,NA,26.68,48143,NA,NA,NA,NA,NA
1952-08-01,NA,26.69,48924,NA,NA,NA,NA,NA
1952-09-01,NA,26.63,49320,NA,NA,NA,NA,NA
1952-10-01,NA,26.69,49597,NA,NA,NA,NA,NA
1952-11-01,NA,26.69,49816,NA,NA,NA,NA,NA
1952-12-01,NA,26.71,50166,NA,NA,NA,NA,NA
1953-01-01,NA,26.64,50144,NA,NA,NA,NA,NA
1953-02-01,NA,26.59,50339,NA,NA,NA,NA,NA
1953-03-01,NA,26.63,50473,NA,NA,NA,NA,NA
1953-04-01,NA,26.69,50435,NA,NA,NA,NA,NA
1953-05-01,NA,26.7,50490,NA,NA,NA,NA,NA
1953-06-01,NA,26.77,50519,NA,NA,NA,NA,NA
1953-07-01,NA,26.79,50536,NA,NA,NA,NA,NA
1953-08-01,NA,26.85,50489,NA,NA,NA,NA,NA
1953-09-01,NA,26.89,50368,NA,NA,NA,NA,NA
1953-10-01,NA,26.95,50240,NA,NA,NA,NA,NA
1953-11-01,NA,26.85,49908,NA,NA,NA,NA,NA
1953-12-01,NA,26.87,49703,NA,NA,NA,NA,NA
1954-01-01,NA,26.94,49469,NA,NA,NA,NA,NA
1954-02-01,NA,26.99,49382,NA,NA,NA,NA,NA
1954-03-01,NA,26.93,49157,NA,NA,NA,NA,NA
1954-04-01,NA,26.86,49179,NA,NA,NA,NA,NA
1954-05-01,NA,26.93,48965,NA,NA,NA,NA,NA
1954-06-01,NA,26.94,48895,NA,NA,NA,NA,NA
1954-07-01,NA,26.86,48835,NA,NA,NA,NA,NA
1954-08-01,NA,26.85,48826,NA,NA,NA,NA,NA
1954-09-01,NA,26.81,48886,NA,NA,NA,NA,NA
1954-10-01,NA,26.72,48942,NA,NA,NA,NA,NA
1954-11-01,NA,26.78,49180,NA,NA,NA,NA,NA
1954-12-01,NA,26.77,49331,NA,NA,NA,NA,NA
1955-01-01,NA,26.77,49496,NA,NA,NA,NA,NA
1955-02-01,NA,26.82,49644,NA,NA,NA,NA,NA
1955-03-01,NA,26.79,49962,NA,NA,NA,NA,NA
1955-04-01,NA,26.79,50248,NA,NA,NA,NA,NA
1955-05-01,NA,26.77,50512,NA,NA,NA,NA,NA
1955-06-01,NA,26.71,50790,NA,NA,NA,NA,NA
1955-07-01,NA,26.76,50987,NA,NA,NA,NA,NA
1955-08-01,NA,26.72,51111,NA,NA,NA,NA,NA
1955-09-01,NA,26.85,51266,NA,NA,NA,NA,NA
1955-10-01,NA,26.82,51429,NA,NA,NA,NA,NA
1955-11-01,NA,26.88,51592,NA,NA,NA,NA,NA
1955-12-01,NA,26.87,51805,NA,NA,NA,NA,NA
1956-01-01,NA,26.83,51975,NA,NA,NA,NA,NA
1956-02-01,NA,26.86,52167,NA,NA,NA,NA,NA
1956-03-01,NA,26.89,52294,NA,NA,NA,NA,NA
1956-04-01,NA,26.93,52375,NA,NA,NA,NA,NA
1956-05-01,NA,27.03,52506,NA,NA,NA,NA,NA
1956-06-01,NA,27.15,52586,NA,NA,NA,NA,NA
1956-07-01,NA,27.29,51955,NA,NA,NA,NA,NA
1956-08-01,NA,27.31,52631,NA,NA,NA,NA,NA
1956-09-01,NA,27.35,52604,NA,NA,NA,NA,NA
1956-10-01,NA,27.51,52777,NA,NA,NA,NA,NA
1956-11-01,NA,27.51,52821,NA,NA,NA,NA,NA
1956-12-01,NA,27.63,52929,NA,NA,NA,NA,NA
1957-01-01,NA,27.67,52887,NA,NA,NA,NA,NA
1957-02-01,NA,27.8,53097,NA,NA,NA,NA,NA
1957-03-01,NA,27.86,53156,NA,NA,NA,NA,NA
1957-04-01,NA,27.93,53238,NA,NA,NA,NA,NA
1957-05-01,NA,28,53150,NA,NA,NA,NA,NA
1957-06-01,NA,28.11,53067,NA,NA,NA,NA,NA
1957-07-01,NA,28.19,53123,NA,NA,NA,NA,NA
1957-08-01,NA,28.28,53128,NA,NA,NA,NA,NA
1957-09-01,NA,28.32,52934,NA,NA,NA,NA,NA
1957-10-01,NA,28.32,52763,NA,NA,NA,NA,NA
1957-11-01,NA,28.41,52558,NA,NA,NA,NA,NA
1957-12-01,NA,28.47,52384,NA,NA,NA,NA,NA
1958-01-01,NA,28.64,52076,NA,NA,NA,NA,NA
1958-02-01,NA,28.7,51576,NA,NA,NA,NA,NA
1958-03-01,NA,28.87,51299,NA,NA,NA,NA,NA
1958-04-01,NA,28.94,51027,NA,NA,NA,NA,NA
1958-05-01,NA,28.94,50914,NA,NA,NA,NA,NA
1958-06-01,NA,28.91,50914,NA,NA,NA,NA,NA
1958-07-01,NA,28.89,51039,NA,NA,NA,NA,NA
1958-08-01,NA,28.94,51233,NA,NA,NA,NA,NA
1958-09-01,NA,28.91,51506,NA,NA,NA,NA,NA
1958-10-01,NA,28.91,51485,NA,NA,NA,NA,NA
1958-11-01,NA,28.95,51944,NA,NA,NA,NA,NA
1958-12-01,NA,28.97,52085,NA,NA,NA,NA,NA
1959-01-01,NA,29.01,52478,NA,NA,NA,NA,NA
1959-02-01,NA,29,52688,NA,NA,NA,NA,NA
1959-03-01,NA,28.97,53014,NA,NA,NA,NA,NA
1959-04-01,NA,28.98,53321,NA,NA,NA,NA,NA
1959-05-01,NA,29.04,53550,NA,NA,NA,NA,NA
1959-06-01,NA,29.11,53681,NA,NA,NA,NA,NA
1959-07-01,NA,29.15,53804,NA,NA,NA,NA,NA
1959-08-01,NA,29.18,53336,NA,NA,NA,NA,NA
1959-09-01,NA,29.25,53428,NA,NA,NA,NA,NA
1959-10-01,NA,29.35,53358,NA,NA,NA,NA,NA
1959-11-01,NA,29.35,53634,NA,NA,NA,NA,NA
1959-12-01,NA,29.41,54174,NA,NA,NA,NA,NA
1960-01-01,NA,29.37,54274,NA,NA,NA,NA,NA
1960-02-01,NA,29.41,54513,NA,NA,NA,NA,NA
1960-03-01,NA,29.41,54454,NA,NA,NA,NA,NA
1960-04-01,NA,29.54,54813,NA,NA,NA,NA,NA
1960-05-01,NA,29.57,54475,NA,NA,NA,NA,NA
1960-06-01,NA,29.61,54348,NA,NA,NA,NA,NA
1960-07-01,NA,29.55,54306,NA,NA,NA,NA,NA
1960-08-01,NA,29.61,54272,NA,NA,NA,NA,NA
1960-09-01,NA,29.61,54227,NA,NA,NA,NA,NA
1960-10-01,NA,29.75,54142,NA,NA,NA,NA,NA
1960-11-01,NA,29.78,53961,NA,NA,NA,NA,NA
1960-12-01,NA,29.81,53742,NA,NA,NA,NA,NA
1961-01-01,NA,29.84,53683,NA,NA,NA,NA,NA
1961-02-01,NA,29.84,53557,NA,NA,NA,NA,NA
1961-03-01,NA,29.84,53659,NA,NA,NA,NA,NA
1961-04-01,NA,29.81,53627,NA,NA,NA,NA,NA
1961-05-01,NA,29.84,53786,NA,NA,NA,NA,NA
1961-06-01,NA,29.84,53977,NA,NA,NA,NA,NA
1961-07-01,NA,29.92,54123,NA,NA,NA,NA,NA
1961-08-01,NA,29.94,54298,NA,NA,NA,NA,NA
1961-09-01,NA,29.98,54388,NA,NA,NA,NA,NA
1961-10-01,NA,29.98,54522,NA,NA,NA,NA,NA
1961-11-01,NA,29.98,54742,NA,NA,NA,NA,NA
1961-12-01,NA,30.01,54872,NA,NA,NA,NA,NA
1962-01-01,NA,30.04,54891,NA,NA,NA,NA,NA
1962-02-01,NA,30.11,55188,NA,NA,NA,NA,NA
1962-03-01,NA,30.17,55275,NA,NA,NA,NA,NA
1962-04-01,NA,30.21,55602,NA,NA,NA,NA,NA
1962-05-01,NA,30.24,55628,NA,NA,NA,NA,NA
1962-06-01,NA,30.21,55644,NA,NA,NA,NA,NA
1962-07-01,NA,30.22,55746,NA,NA,NA,NA,NA
1962-08-01,NA,30.28,55838,NA,NA,NA,NA,NA
1962-09-01,NA,30.42,55978,NA,NA,NA,NA,NA
1962-10-01,NA,30.38,56041,NA,NA,NA,NA,NA
1962-11-01,NA,30.38,56056,NA,NA,NA,NA,NA
1962-12-01,NA,30.38,56028,NA,NA,NA,NA,NA
1963-01-01,NA,30.44,56115,NA,NA,NA,NA,NA
1963-02-01,NA,30.48,56230,NA,NA,NA,NA,NA
1963-03-01,NA,30.51,56320,NA,NA,NA,NA,NA
1963-04-01,NA,30.48,56580,NA,NA,NA,NA,NA
1963-05-01,NA,30.51,56616,NA,NA,NA,NA,NA
1963-06-01,NA,30.61,56659,NA,NA,NA,NA,NA
1963-07-01,NA,30.69,56794,NA,NA,NA,NA,NA
1963-08-01,NA,30.75,56910,NA,NA,NA,NA,NA
1963-09-01,NA,30.72,57078,NA,NA,NA,NA,NA
1963-10-01,NA,30.75,57283,NA,NA,NA,NA,NA
1963-11-01,NA,30.78,57255,NA,NA,NA,NA,NA
1963-12-01,NA,30.88,57361,NA,NA,NA,NA,NA
1964-01-01,NA,30.94,57487,NA,NA,NA,NA,NA
1964-02-01,NA,30.91,57753,NA,NA,NA,NA,NA
1964-03-01,NA,30.94,57897,NA,NA,NA,NA,NA
1964-04-01,NA,30.95,57922,NA,NA,NA,NA,NA
1964-05-01,NA,30.98,58089,NA,NA,NA,NA,NA
1964-06-01,NA,31.01,58219,NA,NA,NA,NA,NA
1964-07-01,NA,31.02,58412,NA,NA,NA,NA,NA
1964-08-01,NA,31.05,58619,NA,NA,NA,NA,NA
1964-09-01,NA,31.08,58903,NA,NA,NA,NA,NA
1964-10-01,NA,31.12,58793,NA,NA,NA,NA,NA
1964-11-01,NA,31.21,59218,NA,NA,NA,NA,NA
1964-12-01,NA,31.25,59421,NA,NA,NA,NA,NA
1965-01-01,NA,31.28,59582,NA,NA,NA,NA,NA
1965-02-01,NA,31.28,59800,NA,NA,NA,NA,NA
1965-03-01,NA,31.31,60003,NA,NA,NA,NA,NA
1965-04-01,NA,31.38,60259,NA,NA,NA,NA,NA
1965-05-01,NA,31.48,60491,NA,NA,NA,NA,NA
1965-06-01,NA,31.61,60690,NA,NA,NA,NA,NA
1965-07-01,NA,31.58,60965,NA,NA,NA,NA,NA
1965-08-01,NA,31.55,61228,NA,NA,NA,NA,NA
1965-09-01,NA,31.62,61490,NA,NA,NA,NA,NA
1965-10-01,NA,31.65,61719,NA,NA,NA,NA,NA
1965-11-01,NA,31.75,61996,NA,NA,NA,NA,NA
1965-12-01,NA,31.85,62322,NA,NA,NA,NA,NA
1966-01-01,NA,31.88,62529,NA,NA,NA,NA,NA
1966-02-01,NA,32.08,62796,NA,NA,NA,NA,NA
1966-03-01,NA,32.18,63192,NA,NA,NA,NA,NA
1966-04-01,NA,32.28,63437,NA,NA,NA,NA,NA
1966-05-01,NA,32.35,63712,NA,NA,NA,NA,NA
1966-06-01,NA,32.38,64111,NA,NA,NA,NA,NA
1966-07-01,NA,32.45,64301,NA,NA,NA,NA,NA
1966-08-01,NA,32.65,64507,NA,NA,NA,NA,NA
1966-09-01,NA,32.75,64643,NA,NA,NA,NA,NA
1966-10-01,NA,32.85,64854,NA,NA,NA,NA,NA
1966-11-01,NA,32.88,65019,NA,NA,NA,NA,NA
1966-12-01,NA,32.92,65199,NA,NA,NA,NA,NA
1967-01-01,NA,32.9,65407,NA,NA,NA,NA,NA
1967-02-01,NA,33,65429,NA,NA,NA,NA,NA
1967-03-01,NA,33,65530,NA,NA,NA,NA,NA
1967-04-01,NA,33.1,65466,NA,NA,NA,NA,NA
1967-05-01,NA,33.1,65620,NA,NA,NA,NA,NA
1967-06-01,NA,33.3,65750,NA,NA,NA,NA,NA
1967-07-01,NA,33.4,65888,NA,NA,NA,NA,NA
1967-08-01,NA,33.5,66143,NA,NA,NA,NA,NA
1967-09-01,NA,33.6,66164,NA,NA,NA,NA,NA
1967-10-01,NA,33.7,66225,NA,NA,NA,NA,NA
1967-11-01,NA,33.9,66703,NA,NA,NA,NA,NA
1967-12-01,NA,34,66900,NA,NA,NA,NA,NA
1968-01-01,-13.120226,34.1,66804,NA,NA,NA,NA,NA
1968-02-01,-9.7954622,34.2,67215,NA,NA,NA,NA,NA
1968-03-01,-11.627904,34.3,67295,NA,NA,NA,NA,NA
1968-04-01,-11.750053,34.4,67556,NA,NA,NA,NA,NA
1968-05-01,-11.012982,34.5,67652,NA,NA,NA,NA,NA
1968-06-01,-8.0603843,34.7,67905,NA,NA,NA,NA,NA
1968-07-01,-12.686161,34.9,68126,NA,NA,NA,NA,NA
1968-08-01,-16.312444,35,68330,NA,NA,NA,NA,NA
1968-09-01,-15.539884,35.1,68484,NA,NA,NA,NA,NA
1968-10-01,-20.464754,35.3,68721,NA,NA,NA,NA,NA
1968-11-01,-9.212735,35.4,68984,NA,NA,NA,NA,NA
1968-12-01,-16.890877,35.6,69248,NA,NA,NA,NA,NA
1969-01-01,-19.249695,35.7,69439,NA,NA,NA,NA,NA
1969-02-01,-18.455459,35.8,69699,NA,NA,NA,NA,NA
1969-03-01,-17.335222,36.1,69905,NA,NA,NA,NA,NA
1969-04-01,-23.174636,36.3,70072,NA,NA,NA,NA,NA
1969-05-01,-28.066369,36.4,70328,NA,NA,NA,NA,NA
1969-06-01,-19.092737,36.6,70636,NA,NA,NA,NA,NA
1969-07-01,-26.879522,36.8,70729,NA,NA,NA,NA,NA
1969-08-01,-22.286222,36.9,71008,NA,NA,NA,NA,NA
1969-09-01,-14.724117,37.1,70914,NA,NA,NA,NA,NA
1969-10-01,-6.9582161,37.3,71121,NA,NA,NA,NA,NA
1969-11-01,-1.261542,37.5,71086,NA,NA,NA,NA,NA
1969-12-01,3.3944888,37.7,71241,NA,NA,NA,NA,NA
1970-01-01,24.928252,37.9,71176,NA,NA,NA,NA,NA
1970-02-01,39.180169,38.1,71305,NA,NA,NA,NA,NA
1970-03-01,53.265031,38.3,71451,NA,NA,NA,NA,NA
1970-04-01,54.579874,38.5,71348,NA,NA,NA,NA,NA
1970-05-01,56.128824,38.6,71124,NA,NA,NA,NA,NA
1970-06-01,51.631026,38.8,71029,NA,NA,NA,NA,NA
1970-07-01,47.212918,38.9,71053,NA,NA,NA,NA,NA
1970-08-01,53.135543,39,70937,NA,NA,NA,NA,NA
1970-09-01,58.46254,39.2,70944,NA,NA,NA,NA,NA
1970-10-01,58.906923,39.4,70521,NA,NA,NA,NA,NA
1970-11-01,53.768644,39.6,70409,NA,NA,NA,NA,NA
1970-12-01,16.113412,39.8,70792,NA,NA,NA,NA,NA
1971-01-01,7.3303058,39.9,70865,NA,NA,NA,NA,NA
1971-02-01,-16.616927,39.9,70807,NA,NA,NA,NA,NA
1971-03-01,-18.364973,40,70860,NA,NA,NA,NA,NA
1971-04-01,-23.619256,40.1,71036,NA,NA,NA,NA,NA
1971-05-01,-30.342669,40.3,71247,NA,NA,NA,NA,NA
1971-06-01,-53.930977,40.5,71254,NA,NA,NA,NA,NA
1971-07-01,-60.145508,40.6,71315,NA,NA,NA,NA,NA
1971-08-01,-64.09399,40.7,71373,NA,NA,NA,NA,NA
1971-09-01,-50.652938,40.8,71614,NA,NA,NA,NA,NA
1971-10-01,-60.37479,40.9,71642,NA,NA,NA,NA,NA
1971-11-01,-44.134854,41,71847,NA,NA,NA,NA,NA
1971-12-01,-48.605799,41.1,72109,NA,NA,NA,NA,NA
1972-01-01,-60.598692,41.2,72441,NA,NA,NA,NA,NA
1972-02-01,-67.452258,41.4,72648,NA,NA,NA,NA,NA
1972-03-01,-70.023183,41.4,72944,NA,NA,NA,NA,NA
1972-04-01,-60.817292,41.5,73162,NA,NA,NA,NA,NA
1972-05-01,-64.760444,41.6,73469,NA,NA,NA,NA,NA
1972-06-01,-67.498393,41.7,73758,NA,NA,NA,NA,NA
1972-07-01,-57.303526,41.8,73709,NA,NA,NA,NA,NA
1972-08-01,-63.664885,41.9,74141,NA,NA,NA,NA,NA
1972-09-01,-9.3177329,42.1,74264,NA,NA,NA,NA,NA
1972-10-01,-6.4228286,42.2,74674,NA,NA,NA,NA,NA
1972-11-01,-5.2773695,42.4,74973,NA,NA,NA,NA,NA
1972-12-01,8.7260199,42.5,75268,NA,NA,NA,NA,NA
1973-01-01,20.203812,42.7,75617,NA,NA,NA,NA,NA
1973-02-01,28.950838,43,76014,NA,NA,NA,NA,NA
1973-03-01,38.069526,43.4,76284,NA,NA,NA,NA,NA
1973-04-01,42.472326,43.7,76455,NA,NA,NA,NA,NA
1973-05-01,49.75131,43.9,76648,NA,NA,NA,NA,NA
1973-06-01,57.212359,44.2,76887,NA,NA,NA,NA,NA
1973-07-01,58.681257,44.2,76913,NA,NA,NA,NA,NA
1973-08-01,69.203087,45,77168,NA,NA,NA,NA,NA
1973-09-01,80.634256,45.2,77276,NA,NA,NA,NA,NA
1973-10-01,106.56029,45.6,77607,NA,NA,NA,NA,NA
1973-11-01,103.59312,45.9,77920,NA,NA,NA,NA,NA
1973-12-01,113.60155,46.3,78031,NA,NA,NA,NA,NA
1974-01-01,105.13559,46.8,78100,NA,NA,NA,NA,NA
1974-02-01,88.197965,47.3,78254,NA,NA,NA,NA,NA
1974-03-01,97.786499,47.8,78296,NA,NA,NA,NA,NA
1974-04-01,85.814326,48.1,78382,NA,NA,NA,NA,NA
1974-05-01,103.57425,48.6,78549,NA,NA,NA,NA,NA
1974-06-01,81.907907,49,78604,NA,NA,NA,NA,NA
1974-07-01,61.608293,49.3,78636,NA,NA,NA,NA,NA
1974-08-01,58.245745,49.9,78619,NA,NA,NA,NA,NA
1974-09-01,59.997086,50.6,78610,NA,NA,NA,NA,NA
1974-10-01,61.154325,51,78630,NA,NA,NA,NA,NA
1974-11-01,58.572008,51.5,78265,NA,NA,NA,NA,NA
1974-12-01,21.411724,51.9,77652,NA,NA,NA,NA,NA
1975-01-01,-1.1499225,52.3,77293,NA,NA,NA,NA,NA
1975-02-01,-10.0947,52.6,76918,NA,NA,NA,NA,NA
1975-03-01,-26.894902,52.8,76648,NA,NA,NA,NA,NA
1975-04-01,-41.645702,53,76460,NA,NA,NA,NA,NA
1975-05-01,-44.308557,53.1,76624,NA,NA,NA,NA,NA
1975-06-01,-37.160889,53.5,76521,NA,NA,NA,NA,NA
1975-07-01,-42.142191,54,76770,NA,NA,NA,NA,NA
1975-08-01,-45.852037,54.2,77153,NA,NA,NA,NA,NA
1975-09-01,-34.640058,54.6,77228,NA,NA,NA,NA,NA
1975-10-01,-34.228515,54.9,77540,NA,NA,NA,NA,NA
1975-11-01,-24.328218,55.3,77685,NA,NA,NA,NA,NA
1975-12-01,-35.948073,55.6,78017,NA,NA,NA,NA,NA
1976-01-01,-46.250691,55.8,78503,NA,NA,NA,NA,NA
1976-02-01,-50.507508,55.9,78816,NA,NA,NA,NA,NA
1976-03-01,-32.775932,56,79048,NA,NA,NA,NA,NA
1976-04-01,-29.184876,56.1,79292,NA,NA,NA,NA,NA
1976-05-01,-19.588694,56.4,79312,NA,NA,NA,NA,NA
1976-06-01,-16.458108,56.7,79376,NA,NA,NA,NA,NA
1976-07-01,-21.765377,57,79547,NA,NA,NA,NA,NA
1976-08-01,-24.247223,57.3,79704,NA,NA,NA,NA,NA
1976-09-01,-24.977805,57.6,79892,NA,NA,NA,NA,NA
1976-10-01,-21.064626,57.9,79911,NA,NA,NA,NA,NA
1976-11-01,-19.633058,58.1,80240,NA,NA,NA,NA,NA
1976-12-01,-36.032786,58.4,80448,NA,NA,NA,NA,NA
1977-01-01,-49.412379,58.7,80690,NA,NA,NA,NA,NA
1977-02-01,-45.321089,59.3,80988,NA,NA,NA,NA,NA
1977-03-01,-45.656743,59.6,81391,NA,NA,NA,NA,NA
1977-04-01,-43.775604,60,81728,NA,NA,NA,NA,NA
1977-05-01,-36.025679,60.2,82088,NA,NA,NA,NA,NA
1977-06-01,-40.798984,60.5,82488,NA,NA,NA,NA,NA
1977-07-01,-44.593209,60.8,82834,NA,NA,NA,NA,NA
1977-08-01,-47.297509,61.1,83075,NA,NA,NA,NA,NA
1977-09-01,-47.455335,61.3,83532,NA,NA,NA,NA,NA
1977-10-01,-33.223806,61.6,83800,NA,NA,NA,NA,NA
1977-11-01,-33.702085,62,84173,NA,NA,NA,NA,NA
1977-12-01,-38.271778,62.3,84410,NA,NA,NA,NA,NA
1978-01-01,-38.742808,62.7,84594,NA,NA,NA,NA,NA
1978-02-01,-39.051163,63,84948,NA,NA,NA,NA,NA
1978-03-01,-39.515104,63.4,85460,NA,NA,NA,NA,NA
1978-04-01,-40.131682,63.9,86162,NA,NA,NA,NA,NA
1978-05-01,-23.028117,64.5,86509,NA,NA,NA,NA,NA
1978-06-01,-17.461992,65,86950,NA,NA,NA,NA,NA
1978-07-01,-26.063577,65.5,87204,NA,NA,NA,NA,NA
1978-08-01,-26.503435,65.9,87483,NA,NA,NA,NA,NA
1978-09-01,-14.2355,66.5,87621,NA,NA,NA,NA,NA
1978-10-01,-18.270823,67.1,87956,NA,NA,NA,NA,NA
1978-11-01,-4.2461639,67.5,88391,NA,NA,NA,NA,NA
1978-12-01,-7.2464468,67.9,88671,NA,NA,NA,NA,NA
1979-01-01,-16.52279,68.5,88808,NA,NA,NA,NA,NA
1979-02-01,-11.069232,69.2,89055,NA,NA,NA,NA,NA
1979-03-01,6.8330326,69.9,89479,NA,NA,NA,NA,NA
1979-04-01,8.8138525,70.6,89417,NA,NA,NA,NA,NA
1979-05-01,28.619989,71.4,89789,NA,NA,NA,NA,NA
1979-06-01,45.9069,72.2,90108,NA,NA,NA,NA,NA
1979-07-01,53.935148,73,90217,NA,NA,NA,NA,NA
1979-08-01,36.841854,73.7,90300,NA,NA,NA,NA,NA
1979-09-01,43.412228,74.4,90327,NA,NA,NA,NA,NA
1979-10-01,43.341551,75.2,90481,NA,NA,NA,NA,NA
1979-11-01,48.854499,76,90573,NA,NA,NA,NA,NA
1979-12-01,35.045261000000004,76.9,90672,NA,NA,NA,NA,NA
1980-01-01,34.425734,78,90800,NA,NA,NA,NA,NA
1980-02-01,39.783611,79,90883,NA,NA,NA,NA,NA
1980-03-01,41.763572,80.1,90994,NA,NA,NA,NA,NA
1980-04-01,60.097915,80.9,90849,NA,NA,NA,NA,NA
1980-05-01,63.257531,81.7,90420,NA,NA,NA,NA,NA
1980-06-01,56.499921,82.5,90101,NA,NA,NA,NA,NA
1980-07-01,44.389693,82.6,89840,NA,NA,NA,NA,NA
1980-08-01,53.146012,83.2,90099,NA,NA,NA,NA,NA
1980-09-01,54.398241,83.9,90213,NA,NA,NA,NA,NA
1980-10-01,54.286159,84.7,90490,NA,NA,NA,NA,NA
1980-11-01,64.114942,85.6,90747,NA,NA,NA,NA,NA
1980-12-01,67.755933,86.4,90943,NA,NA,NA,NA,NA
1981-01-01,63.450343,87.2,91033,NA,NA,NA,NA,NA
1981-02-01,61.264415,88,91105,NA,NA,NA,NA,NA
1981-03-01,49.744846,88.6,91210,NA,NA,NA,NA,NA
1981-04-01,45.397059,89.1,91283,NA,NA,NA,NA,NA
1981-05-01,35.330791,89.7,91296,NA,NA,NA,NA,NA
1981-06-01,40.589055,90.5,91490,NA,NA,NA,NA,NA
1981-07-01,32.24267,91.5,91601,NA,NA,NA,NA,NA
1981-08-01,14.651986,92.2,91565,NA,NA,NA,NA,NA
1981-09-01,12.580608,93.1,91477,NA,NA,NA,NA,NA
1981-10-01,15.11632,93.4,91380,NA,NA,NA,NA,NA
1981-11-01,14.151346,93.8,91171,NA,NA,NA,NA,NA
1981-12-01,7.2095926,94.1,90895,NA,NA,NA,NA,NA
1982-01-01,2.6362494,94.4,90565,NA,NA,NA,NA,NA
1982-02-01,-6.702398,94.7,90563,NA,NA,NA,NA,NA
1982-03-01,2.5257562,94.7,90434,NA,NA,NA,NA,NA
1982-04-01,10.474582,95,90150,NA,NA,NA,NA,NA
1982-05-01,7.3303566,95.9,90107,NA,NA,NA,NA,NA
1982-06-01,-17.009581,97,89865,NA,NA,NA,NA,NA
1982-07-01,-41.306237,97.5,89521,NA,NA,NA,NA,NA
1982-08-01,-43.648488,97.7,89363,NA,NA,NA,NA,NA
1982-09-01,-27.841253,97.7,89183,NA,NA,NA,NA,NA
1982-10-01,-27.271901,98.1,88907,NA,NA,NA,NA,NA
1982-11-01,-24.675348,98,88786,NA,NA,NA,NA,NA
1982-12-01,-19.921041,97.7,88771,NA,NA,NA,NA,NA
1983-01-01,-17.888579,97.9,88990,NA,NA,NA,NA,NA
1983-02-01,-13.010941,98,88917,NA,NA,NA,NA,NA
1983-03-01,-10.118604,98.1,89090,NA,NA,NA,NA,NA
1983-04-01,-7.4273379,98.8,89364,NA,NA,NA,NA,NA
1983-05-01,-7.6306577,99.2,89644,NA,NA,NA,NA,NA
1983-06-01,-22.565166,99.4,90021,NA,NA,NA,NA,NA
1983-07-01,-33.817709,99.8,90437,NA,NA,NA,NA,NA
1983-08-01,-34.859044,100.1,90129,NA,NA,NA,NA,NA
1983-09-01,-31.839233,100.4,91247,NA,NA,NA,NA,NA
1983-10-01,-28.868252,100.8,91520,NA,NA,NA,NA,NA
1983-11-01,-21.488576,101.1,91875,NA,NA,NA,NA,NA
1983-12-01,-31.808804,101.4,92230,NA,NA,NA,NA,NA
1984-01-01,-29.940595,102.1,92673,NA,NA,NA,NA,NA
1984-02-01,-23.307752,102.6,93157,NA,NA,NA,NA,NA
1984-03-01,-19.056856,102.9,93429,NA,NA,NA,NA,NA
1984-04-01,-15.08303,103.3,93792,NA,NA,NA,NA,NA
1984-05-01,-15.715516,103.5,94098,NA,NA,NA,NA,NA
1984-06-01,-24.566251,103.7,94479,NA,NA,NA,NA,NA
1984-07-01,-29.453136,104.1,94789,NA,NA,NA,NA,NA
1984-08-01,-28.602119,104.4,95032,NA,NA,NA,NA,NA
1984-09-01,-25.456152,104.7,95344,NA,NA,NA,NA,NA
1984-10-01,-24.182131,105.1,95629,NA,NA,NA,NA,NA
1984-11-01,-16.634639,105.3,95982,NA,NA,NA,NA,NA
1984-12-01,-19.790392,105.5,96107,NA,NA,NA,NA,NA
1985-01-01,-23.343523,105.7,96372,NA,NA,NA,NA,NA
1985-02-01,-27.671035,106.3,96503,NA,NA,NA,NA,NA
1985-03-01,-25.938736,106.8,96842,NA,NA,NA,NA,NA
1985-04-01,-20.953359,107,97038,NA,NA,NA,NA,NA
1985-05-01,-24.973614,107.2,97312,NA,NA,NA,NA,NA
1985-06-01,-34.475774,107.5,97459,NA,NA,NA,NA,NA
1985-07-01,-50.218218,107.7,97648,NA,NA,NA,NA,NA
1985-08-01,-57.675124,107.9,97840,NA,NA,NA,NA,NA
1985-09-01,-50.123028,108.1,98045,NA,NA,NA,NA,NA
1985-10-01,-37.050216,108.5,98233,NA,NA,NA,NA,NA
1985-11-01,-36.227417,109,98443,NA,NA,NA,NA,NA
1985-12-01,-36.074122,109.5,98609,NA,NA,NA,NA,NA
1986-01-01,-37.825367,109.9,98732,NA,NA,NA,NA,NA
1986-02-01,-51.775716,109.7,98847,NA,NA,NA,NA,NA
1986-03-01,-55.415421,109.1,98934,NA,NA,NA,NA,NA
1986-04-01,-61.576201,108.7,99121,NA,NA,NA,NA,NA
1986-05-01,-66.410453,109,99248,NA,NA,NA,NA,NA
1986-06-01,-69.368693,109.4,99155,NA,NA,NA,NA,NA
1986-07-01,-80.99166,109.5,99473,NA,NA,NA,NA,NA
1986-08-01,-78.325387,109.6,99588,NA,NA,NA,NA,NA
1986-09-01,-54.282898,110,99934,NA,NA,NA,NA,NA
1986-10-01,-48.832582,110.2,100121,NA,NA,NA,NA,NA
1986-11-01,-51.149772,110.4,100308,NA,NA,NA,NA,NA
1986-12-01,-60.137852,110.8,100509,NA,NA,NA,NA,NA
1987-01-01,-46.538891,111.4,100678,NA,NA,NA,NA,NA
1987-02-01,-41.808333,111.8,100919,NA,NA,NA,NA,NA
1987-03-01,-35.097217,112.2,101164,NA,NA,NA,NA,NA
1987-04-01,-25.198143,112.7,101499,NA,NA,NA,NA,NA
1987-05-01,-19.447633,113,101728,NA,NA,NA,NA,NA
1987-06-01,-30.733245,113.5,101900,NA,NA,NA,NA,NA
1987-07-01,-33.675033,113.8,102247,NA,NA,NA,NA,NA
1987-08-01,-18.789476,114.3,102420,NA,NA,NA,NA,NA
1987-09-01,-22.334652,114.7,102647,NA,NA,NA,NA,NA
1987-10-01,-17.330836,115,103138,NA,NA,NA,NA,NA
1987-11-01,-12.316542,115.4,103372,NA,NA,NA,NA,NA
1987-12-01,-5.1245714,115.6,103661,NA,NA,NA,NA,NA
1988-01-01,2.89338,116,103753,NA,NA,NA,NA,NA
1988-02-01,14.144143,116.2,104214,NA,NA,NA,NA,NA
1988-03-01,19.240434,116.5,104489,NA,NA,NA,NA,NA
1988-04-01,11.701411,117.2,104732,NA,NA,NA,NA,NA
1988-05-01,5.2546126,117.5,104962,NA,NA,NA,NA,NA
1988-06-01,-5.0544805,118,105326,NA,NA,NA,NA,NA
1988-07-01,-11.410275,118.5,105550,NA,NA,NA,NA,NA
1988-08-01,-9.3405266,119,105674,NA,NA,NA,NA,NA
1988-09-01,-4.78992,119.5,106013,NA,NA,NA,NA,NA
1988-10-01,-1.8779507,119.9,106276,NA,NA,NA,NA,NA
1988-11-01,7.9013554,120.3,106617,NA,NA,NA,NA,NA
1988-12-01,11.375142,120.7,106898,NA,NA,NA,NA,NA
1989-01-01,17.84465,121.2,107161,NA,NA,NA,NA,NA
1989-02-01,12.284282,121.6,107427,NA,NA,NA,NA,NA
1989-03-01,17.607964,122.2,107621,NA,NA,NA,NA,NA
1989-04-01,17.043138,123.1,107791,NA,NA,NA,NA,NA
1989-05-01,21.601965,123.7,107913,NA,NA,NA,NA,NA
1989-06-01,3.1924356,124.1,108027,NA,NA,NA,NA,NA
1989-07-01,1.1171542,124.5,108069,NA,NA,NA,NA,NA
1989-08-01,2.5008612,124.5,108120,NA,NA,NA,NA,NA
1989-09-01,3.9795784,124.8,108369,NA,NA,NA,NA,NA
1989-10-01,10.68936,125.4,108476,NA,NA,NA,NA,NA
1989-11-01,18.233736,125.9,108752,NA,NA,NA,NA,NA
1989-12-01,14.649579,126.3,108836,NA,NA,NA,NA,NA
1990-01-01,16.582443,127.5,109196,221355,2731,4677,19195,59976
1990-02-01,13.149874,128,109436,220268,2756,4664,19273,61556
1990-03-01,12.599935,128.6,109640,219183,2788,4716,19280,62554
1990-04-01,2.7656001,128.9,109674,227061,2828,4789,19601,63833
1990-05-01,-6.1361827,129.1,109828,232221,2861,4845,19883,63898
1990-06-01,-14.962697,129.9,109850,235266,2866,4808,20103,63920
1990-07-01,-24.942332,130.5,109815,244856,2983,4789,19884,64149
1990-08-01,-15.924962,131.6,109606,235577,2934,4768,20198,62736
1990-09-01,-18.520093,132.5,109523,231908,2891,4787,19918,63305
1990-10-01,-14.50241,133.4,109377,228899,2974,4779,20801,64831
1990-11-01,-9.5374101,133.7,109222,225438,2844,4837,21542,63220
1990-12-01,-0.25939437,134.2,109168,226523,2812,4787,21679,63214
1991-01-01,0.36929789,134.7,109058,227163,2675,4820,20780,61979
1991-02-01,10.126742,134.8,108735,225374,2693,4821,20624,64039
1991-03-01,18.06837,134.8,108568,223758,2726,4832,20547,63825
1991-04-01,10.617618,135.1,108350,229975,2784,4783,20664,65601
1991-05-01,14.454423,135.6,108253,232972,2786,4749,20813,65364
1991-06-01,16.640058,136,108330,238115,2773,4794,21267,65384
1991-07-01,8.1684278,136.2,108290,236423,2884,4783,21398,66290
1991-08-01,3.0087564,136.6,108299,241025,2855,4723,21182,64633
1991-09-01,6.1188691,137,108335,240370,2825,4808,20776,66080
1991-10-01,10.462838,137.2,108361,231855,2887,4808,21110,66571
1991-11-01,11.062325,137.8,108300,231250,2756,4822,21186,65653
1991-12-01,5.6237336000000004,138.2,108330,231546,2713,4812,21180,63947
1992-01-01,2.7508381,138.3,108365,225040,2625,4795,20290,62453
1992-02-01,-10.602183,138.6,108313,223119,2676,4817,20291,62954
1992-03-01,-17.927873,139.1,108367,223691,2723,4799,20323,63423
1992-04-01,-21.742053,139.4,108517,229837,2780,4769,21117,64935
1992-05-01,-14.072994,139.7,108647,234591,2780,4782,21070,65483
1992-06-01,-22.075798,140.1,108707,233139,2769,4839,21617,64920
1992-07-01,-31.500971,140.5,108792,239697,2859,4725,21398,65599
1992-08-01,-31.451529,140.8,108916,238589,2945,4584,21249,65601
1992-09-01,-32.816172,141.1,108952,236282,2870,4640,21487,66773
1992-10-01,-32.22046,141.7,109138,226438,2843,4736,21492,67640
1992-11-01,-19.452158,142.1,109283,224303,2740,4746,21897,66743
1992-12-01,-7.6455291,142.3,109502,224068,2631,4780,21807,66135
1993-01-01,-12.265798,142.8,109790,219302,2522,4647,21068,64855
1993-02-01,-10.100438,143.1,110048,220336,2590,4628,20981,67241
1993-03-01,-1.9800764,143.3,110004,219211,2608,4675,20530,67616
1993-04-01,2.0531645,143.8,110300,225887,2691,4715,20811,67382
1993-05-01,8.1358914,144.2,110571,233676,2797,4735,20674,68868
1993-06-01,4.8000874,144.3,110742,235482,2761,4784,20714,69081
1993-07-01,-6.6811133,144.5,111054,236850,2904,4739,20693,69457
1993-08-01,-5.9959458,144.8,111200,239051,2877,4733,21123,69920
1993-09-01,-3.8251176,145,111449,236770,2725,4717,21190,71106
1993-10-01,-7.3692405,145.6,111734,229604,2690,4735,21883,72615
1993-11-01,-12.946195,146,111988,231843,2699,4788,22546,71876
1993-12-01,-18.11993,146.3,112324,231862,2685,4837,22436,70568
1994-01-01,-18.601896,146.3,112601,221392,3075,4914,21278,67428
1994-02-01,-24.676629,146.7,112782,220798,3198,4950,21301,69881
1994-03-01,-25.301237,147.1,113245,217840,3212,4926,21055,69731
1994-04-01,-13.074093,147.2,113589,221337,3292,5185,21513,70530
1994-05-01,-0.17117789,147.5,113922,228488,3343,5237,21997,72576
1994-06-01,-9.4994224,147.9,114239,229699,3346,5298,21783,72077
1994-07-01,-5.5173685,148.4,114608,230468,3519,5313,21066,73029
1994-08-01,-0.2701188,149,114903,229524,3517,5226,21065,74656
1994-09-01,3.4092068,149.3,115247,228530,3343,5231,20727,76912
1994-10-01,19.750102,149.4,115457,225003,3333,5197,21896,77468
1994-11-01,22.594687,149.8,115868,224343,3335,5151,22144,76601
1994-12-01,29.362579,150.1,116173,222707,3312,5149,21647,75147
1995-01-01,30.462438,150.5,116505,227023,3062,5028,21009,73023
1995-02-01,29.018321,150.9,116694,224604,3058,5017,20876,75595
1995-03-01,38.838972,151.2,116908,222517,3077,5021,20711,75938
1995-04-01,41.396099,151.8,117065,231805,3131,5015,20985,76544
1995-05-01,40.968258,152.1,117047,231883,3148,4955,20854,77682
1995-06-01,29.505888,152.4,117291,238511,3156,4931,21265,76360
1995-07-01,27.732798,152.6,117382,246666,3277,4844,21089,75742
1995-08-01,33.570565,152.9,117646,245920,3305,5175,21001,76633
1995-09-01,29.753743,153.1,117873,243164,3276,5330,20880,78269
1995-10-01,13.847917,153.5,118026,231235,3294,5662,21545,78886
1995-11-01,10.206741,153.7,118165,228089,3157,5615,21808,78185
1995-12-01,8.2920101,153.9,118325,228501,3149,5622,21463,76577
1996-01-01,3.2728929,154.7,118317,226246,3094,5626,21138,75259
1996-02-01,-4.3317631,155,118737,227203,3081,5761,20903,76914
1996-03-01,-8.1035513,155.5,118992,226395,3113,5767,20979,77014
1996-04-01,-3.316884,156.1,119158,236581,3103,5797,21155,77160
1996-05-01,-6.1275485,156.4,119496,243287,3132,5812,21325,77745
1996-06-01,-16.804115,156.7,119770,245266,3247,5821,21631,78204
1996-07-01,-29.731317,157,120019,256477,3305,5782,21422,75316
1996-08-01,-32.593667,157.2,120198,253802,3269,5698,21202,76026
1996-09-01,-38.036498,157.7,120400,251776,3217,5767,20944,77548
1996-10-01,-28.741364,158.2,120665,241922,3212,5749,21542,78567
1996-11-01,-4.268217,158.7,120947,241309,3170,5745,21991,76307
1996-12-01,-1.8278275,159.1,121143,243847,3098,5800,21992,75272
1997-01-01,-3.476602,159.4,121357,233702,2963,5897,21563,74110
1997-02-01,-5.1520109,159.7,121674,234412,3038,5870,21385,75792
1997-03-01,-2.7071528,159.8,121991,233689,3057,5889,21522,76479
1997-04-01,-8.9866331,159.9,122288,240703,3162,5946,21921,77805
1997-05-01,-16.418158,159.9,122560,248891,3177,5960,22150,78728
1997-06-01,-16.906848,160.2,122816,248008,3145,6015,22430,78447
1997-07-01,-11.733312,160.4,123114,252681,3203,5959,22266,79352
1997-08-01,-15.306547,160.8,123086,249660,3237,5903,22218,78790
1997-09-01,-15.154451,161.2,123575,251366,3158,5930,21866,81434
1997-10-01,-13.111054,161.5,123924,244569,3234,5897,22493,83483
1997-11-01,-19.862681,161.7,124226,242698,3128,5929,22756,82165
1997-12-01,-19.917344,161.8,124549,241820,3118,5882,22861,81205
1998-01-01,-26.482425,162,124806,238280,3062,5947,22473,80907
1998-02-01,-42.321393,162,125017,236738,3035,5982,22408,82268
1998-03-01,-35.28698,162,125165,233532,3044,6007,22588,81758
1998-04-01,-42.208403,162.2,125446,239891,3099,6047,22660,81971
1998-05-01,-42.59108,162.6,125846,243752,3110,6092,22836,82841
1998-06-01,-51.496693,162.8,126076,249475,3133,6011,23160,82680
1998-07-01,-58.138516,163.2,126211,250741,3160,5866,22804,83149
1998-08-01,-63.096112,163.4,126546,254503,3145,5789,22580,83627
1998-09-01,-54.245473,163.5,126744,253374,2931,5842,22578,84324
1998-10-01,-42.237202,163.9,126948,248906,3007,5806,22614,85318
1998-11-01,-44.763663,164.1,127223,242220,2974,5855,22982,85054
1998-12-01,-56.960528,164.4,127595,245879,2938,5815,22714,83432
1999-01-01,-62.544318,164.7,127699,238185,2955,5593,22310,84096
1999-02-01,-58.347956,164.7,128118,237163,2937,5558,22228,84346
1999-03-01,-43.682693,164.8,128234,234767,2918,5545,22064,84547
1999-04-01,-48.727621,165.9,128596,239443,3026,5607,22168,86165
1999-05-01,-34.605077,166,128813,246061,3118,5580,22218,86496
1999-06-01,-41.651709,166,129084,252555,3097,5564,22444,85629
1999-07-01,-43.124305,166.7,129421,250994,3232,5498,22091,84690
1999-08-01,-36.370798,167.1,129572,257095,3213,5538,22029,83369
1999-09-01,-27.489436,167.8,129772,256076,3106,5534,21831,84931
1999-10-01,-11.934543,168.1,130178,252446,3167,5501,22013,86184
1999-11-01,-12.317988,168.4,130467,247685,3063,5475,22107,86362
1999-12-01,-11.713867,168.8,130783,248935,3083,5512,21820,84207
2000-01-01,-9.7772168,169.3,131011,261389,2542,5152,21687,87807
2000-02-01,-8.4289296,170,131121,261169,2585,5146,21549,89095
2000-03-01,6.2501764,171,131604,257392,2557,5089,21432,88544
2000-04-01,9.337591,170.9,131883,267216,2544,5045,21786,90669
2000-05-01,5.3539007,171.2,132105,268483,2643,5084,22047,91086
2000-06-01,4.1256642,172.2,132062,269930,2680,5143,22331,91346
2000-07-01,5.8132906,172.7,132228,279036,2742,5083,21829,91719
2000-08-01,7.2718112,172.7,132234,278173,2687,5101,21758,90831
2000-09-01,11.2786,173.6,132338,278981,2616,5161,21610,92066
2000-10-01,12.55177,173.9,132352,276282,2604,5061,21958,92783
2000-11-01,11.853931,174.2,132556,268358,2527,5055,22106,91707
2000-12-01,5.0061923,174.6,132716,270635,2532,5137,22177,91209
2001-01-01,1.895234,175.6,132703,265091,2555,5035,22300,90685
2001-02-01,-3.8791663,176,132788,262302,2569,5004,22278,92024
2001-03-01,-2.2238588,176.1,132751,259747,2611,5051,22224,91527
2001-04-01,-6.5100117,176.4,132457,267011,2614,5046,22341,93171
2001-05-01,-6.2264595,177.3,132409,271330,2680,5147,22477,93899
2001-06-01,-11.310447,177.7,132299,275918,2687,5157,22480,93412
2001-07-01,-24.149435,177.4,132171,280996,2735,5128,22455,94293
2001-08-01,-44.814528,177.4,132021,283027,2644,5135,22152,96100
2001-09-01,-48.676132,178.1,131763,286177,2634,5164,21879,98677
2001-10-01,-53.327509,177.6,131452,276887,2650,5160,22196,98449
2001-11-01,-58.009074,177.5,131144,271043,2559,5080,22107,97582
2001-12-01,-56.044574,177.4,130983,270028,2566,5065,22229,95853
2002-01-01,-49.267961,177.7,130859,267095,2529,5044,22170,94581
2002-02-01,-46.200269,178,130736,265356,2525,5037,22563,96374
2002-03-01,-35.932123,178.5,130722,263175,2525,5019,22364,94728
2002-04-01,-35.089868,179.3,130615,271567,2575,5033,22487,95508
2002-05-01,-39.203599,179.5,130632,278113,2641,5107,22637,97124
2002-06-01,-42.838295,179.6,130673,282081,2676,5048,22677,97364
2002-07-01,-43.597796,180,130583,282615,2610,5008,22569,96306
2002-08-01,-42.299157,180.5,130582,285570,2682,4987,22434,97383
2002-09-01,-25.77526,180.8,130503,285685,2644,5141,22414,98478
2002-10-01,-11.432631,181.2,130617,280403,2620,5173,22552,99864
2002-11-01,-4.700884,181.5,130616,275810,2559,5175,22548,97694
2002-12-01,8.5018465,181.8,130465,274823,2547,5163,22616,97324
2003-01-01,9.8984456,182.6,130573,271772,2551,5141,22428,96993
2003-02-01,8.3336047,183.6,130441,269742,2559,5174,22483,96991
2003-03-01,18.336279,183.9,130235,267994,2577,5267,22415,95873
2003-04-01,29.83264,183.2,130172,275706,2607,5256,22783,97888
2003-05-01,37.945909,182.9,130196,280877,2701,5270,22790,98598
2003-06-01,33.654092,183.1,130185,286648,2714,5295,22932,99886
2003-07-01,36.083856,183.7,130184,288087,2742,5223,22706,100514
2003-08-01,40.017201,184.5,130153,289961,2813,5229,22428,99740
2003-09-01,47.319153,185.1,130253,286855,2727,5274,22152,101194
2003-10-01,100.08182,184.9,130440,284340,2696,5268,22764,102015
2003-11-01,102.26502,185,130481,281078,2643,5301,22833,100626
2003-12-01,110.27328,185.5,130589,277169,2638,5201,23104,100013
2004-01-01,122.63283,186.3,130756,275525,2690,5257,22874,99970
2004-02-01,126.72688,186.7,130820,275122,2682,5234,22625,100566
2004-03-01,120.65033,187.1,131139,271021,2714,5182,22381,100752
2004-04-01,107.29203,187.4,131412,281060,2692,5264,22544,102195
2004-05-01,84.854232,188.2,131697,288478,2775,5251,22629,103078
2004-06-01,63.209754,188.9,131794,285398,2735,5408,22938,104317
2004-07-01,89.652368,189.1,131853,293126,2741,5290,22708,103587
2004-08-01,99.616615,189.2,131940,291917,2774,5277,22617,103505
2004-09-01,98.795075,189.8,132091,290860,2642,5231,22553,104634
2004-10-01,107.6155,190.8,132431,290365,2649,5201,22710,104086
2004-11-01,122.98356,191.7,132504,285064,2604,5212,22956,103282
2004-12-01,127.03185,191.7,132629,285340,2615,5180,23103,101821
2005-01-01,106.88551,191.6,132781,284347,2607,5172,22907,101153
2005-02-01,107.30198,192.4,133033,284930,2594,5141,23023,101863
2005-03-01,110.27852,193.1,133152,281955,2613,5174,22951,101691
2005-04-01,106.96652,193.7,133519,292021,2550,5145,23224,103188
2005-05-01,86.008185,193.6,133689,299929,2599,5114,23166,103491
2005-06-01,57.31185,193.7,133947,304064,2662,5184,23347,104842
2005-07-01,35.490217,194.9,134300,311031,2646,5300,23295,105168
2005-08-01,34.45807,196.1,134503,313694,2674,5121,23345,106042
2005-09-01,57.200871,198.8,134554,313782,2676,5104,23306,106785
2005-10-01,69.203198,199.1,134643,312641,2702,5112,23529,107950
2005-11-01,61.808135,198.1,134999,308332,2669,5074,23769,107315
2005-12-01,50.50697,198.1,135158,308438,2678,5058,23886,106171
2006-01-01,36.145809,199.3,135426,301051,2622,5083,23799,104988
2006-02-01,44.003284,199.4,135731,302263,2638,5049,23764,105980
2006-03-01,50.17099,199.7,136036,298582,2642,5047,23592,105927
2006-04-01,44.546966,200.7,136208,300669,2739,5044,23894,108113
2006-05-01,43.479988,201.3,136249,311478,2814,5032,24172,108632
2006-06-01,54.108777,201.8,136335,314482,2768,5180,24080,110508
2006-07-01,65.258663,202.9,136529,317018,2797,5202,24428,110639
2006-08-01,83.952201,203.8,136693,323392,2854,5003,24253,111422
2006-09-01,93.73146,202.8,136829,323930,2887,4977,24199,112135
2006-10-01,94.072491,201.9,136846,324594,2889,4914,24190,112601
2006-11-01,98.135022,202,137061,319461,2855,4896,24639,112625
2006-12-01,101.18607,203.1,137249,322300,2851,4942,24845,111073
2007-01-01,104.05374,203.437,137472,312858,2772,4984,24713,109142
2007-02-01,102.3909,204.226,137558,310287,2748,4968,24614,110444
2007-03-01,117.30024,205.288,137782,307170,2809,4992,24585,110298
2007-04-01,128.7851,205.904,137845,315049,2841,4938,24849,110899
2007-05-01,139.21315,206.755,137993,321756,2893,4956,25003,112220
2007-06-01,128.79153,207.234,138069,320955,2971,5020,25376,111861
2007-07-01,141.76256,207.603,138044,323929,3066,4990,25375,111725
2007-08-01,150.95752,207.667,138013,325869,2999,4870,25474,113369
2007-09-01,168.23844,208.547,138101,328885,2992,4895,25311,114838
2007-10-01,187.6468,209.19,138177,327957,2937,4903,25536,115188
2007-11-01,188.15849,210.834,138291,323023,2845,4901,26084,114746
2007-12-01,181.27962,211.445,138395,325135,2857,4920,26197,112671
2008-01-01,149.30723,212.174,138391,317816,2914,5017,26092,111221
2008-02-01,145.01876,212.687,138327,314878,2874,4957,26058,110917
2008-03-01,160.78452,213.448,138257,310424,2903,5014,25949,110303
2008-04-01,163.46256,213.942,138038,319252,2949,5079,26180,110472
2008-05-01,189.93392,215.208,137851,331804,2995,5025,26267,112376
2008-06-01,183.3783,217.463,137698,330329,3163,5054,26543,112011
2008-07-01,169.1655,219.016,137498,332765,3294,5066,26602,113296
2008-08-01,150.66315,218.69,137211,334056,3282,4965,26627,113363
2008-09-01,111.00066,218.877,136762,336356,3272,5008,26673,114674
2008-10-01,10.812782,216.995,136293,335916,3206,4967,26944,115494
2008-11-01,-66.421082,213.153,135543,334216,3216,5086,27306,113103
2008-12-01,-75.164153,211.398,134847,328236,3193,5034,27142,111356
2009-01-01,-55.524048,211.933,134078,318006,2861,4979,26850,109607
2009-02-01,13.926982,212.705,133317,312661,2789,4988,26703,109852
2009-03-01,21.723458,212.495,132492,306453,2789,5002,26151,109355
2009-04-01,5.2209195,212.709,131821,311745,2820,5079,26405,109669
2009-05-01,47.837758,213.022,131468,319600,2847,5079,26211,109039
2009-06-01,88.067332,214.79,131007,319031,2938,5118,26329,108643
2009-07-01,75.416163,214.726,130662,316647,2935,5115,26479,109670
2009-08-01,52.765319,215.445,130472,318905,2983,5032,26396,111422
2009-09-01,39.457393,215.861,130247,320169,2943,4948,26329,112705
2009-10-01,54.857076,216.509,130062,314927,2899,5023,26229,112306
2009-11-01,90.820668,217.234,130058,308539,2964,5069,26359,109640
2009-12-01,81.106753,217.347,129808,304219,2995,5023,26207,106972
2010-01-01,69.208354,217.488,129802,306756,3089,4386,23762,116167
2010-02-01,52.669527,217.281,129705,304447,3196,4444,23730,116784
2010-03-01,70.831936,217.353,129865,302523,3215,4463,23748,117053
2010-04-01,65.728702,217.403,130120,309637,3354,4480,23976,118143
2010-05-01,89.160418,217.29,130643,314052,3553,4440,24004,119381
2010-06-01,67.628502,217.199,130509,317211,3690,4470,24134,118157
2010-07-01,19.568685,217.605,130415,312124,3817,4452,24345,118102
2010-08-01,43.7527,217.923,130416,319903,3806,4358,24222,119612
2010-09-01,54.915298,218.275,130342,321582,3755,4371,24087,120761
2010-10-01,53.775855,219.035,130621,321143,3778,4477,24169,120559
2010-11-01,38.825995,219.59,130749,316803,3692,4448,24265,120075
2010-12-01,25.24713,220.472,130830,313351,3712,4426,24335,119240
2011-01-01,-12.041878,221.187,130837,312948,3832,4391,24447,118055
2011-02-01,-29.276311,221.898,131056,311678,3986,4443,24496,119233
2011-03-01,-6.1807612,223.046,131282,308286,4107,4453,24651,120075
2011-04-01,-17.06826,224.093,131597,314265,4100,4473,24848,121021
2011-05-01,-16.519467,224.806,131704,323854,4323,4486,24972,122194
2011-06-01,-10.54551,224.806,131931,324040,4496,4492,25289,120991
2011-07-01,-15.477731,225.395,131993,324072,4734,4505,25556,121938
2011-08-01,-14.06653,226.106,132125,335097,4940,4451,25507,123525
2011-09-01,14.173651,226.597,132344,335785,4966,4434,25502,124958
2011-10-01,26.150884,226.75,132553,335493,5109,4512,25594,125675
2011-11-01,13.982532,227.169,132690,335643,5047,4568,25875,124765
2011-12-01,15.936573,227.223,132888,331776,5000,4616,25868,123676
2012-01-01,-42.834696,227.842,133245,328195,5092,4597,25307,121879
2012-02-01,-82.035813,228.329,133508,328518,5252,4625,25480,123492
2012-03-01,-61.985853,228.807,133748,322911,5398,4716,25357,123761
2012-04-01,-44.747045,229.187,133825,323453,5476,4821,25327,124369
2012-05-01,-36.756236,228.713,133933,338534,5786,4860,25521,126018
2012-06-01,-52.61352,228.524,134012,340532,6056,4893,25854,125578
2012-07-01,-40.519297,228.59,134157,345247,6319,5124,25918,125532
2012-08-01,-73.757537,229.918,134338,349160,6453,5091,25752,126375
2012-09-01,-81.393859,231.015,134517,354068,6485,5128,25892,128686
2012-10-01,-51.702178,231.638,134668,351728,6693,5160,26245,129776
2012-11-01,-44.057987,231.249,134825,348790,6547,5196,26247,127670
2012-12-01,-61.895688,231.221,135074,339945,6532,5167,26265,127057
2013-01-01,-72.399358,231.679,135257,338280,6714,5183,26052,125569
2013-02-01,-76.155963,232.937,135545,337021,6793,5192,26162,127152
2013-03-01,-59.489089,232.282,135689,330947,6806,5196,26197,127431
2013-04-01,-59.351086,231.797,135873,338838,6971,5245,26304,128438
2013-05-01,-61.84559,231.893,136095,348111,7122,5243,26660,130638
2013-06-01,-51.959179,232.445,136279,346826,7228,5269,26795,129598
2013-07-01,-34.239416,232.9,136391,352102,7502,5338,26950,129776
2013-08-01,-37.478001,233.456,136646,354231,7826,5317,27065,131395
2013-09-01,6.1209694,233.544,136821,357131,7876,5338,27017,132676
2013-10-01,17.62174,233.669,137041,353853,7993,5377,26676,132484
2013-11-01,-1.2941318,234.1,137316,350191,8057,5391,27042,132636
2013-12-01,32.058881,234.719,137373,343970,7869,5432,27017,131733
2014-01-01,-7.1676844,235.288,137561,342477,7998,5548,27029,131847
2014-02-01,-32.709051,235.547,137712,341939,8072,5656,27027,133830
2014-03-01,-6.3500032,236.028,137985,336101,8266,5737,27181,135047
2014-04-01,-41.41584,236.468,138297,344213,8609,5799,27365,136356
2014-05-01,-46.730839,236.918,138512,355496,8818,5893,27634,138116
2014-06-01,-55.093749,237.231,138849,350165,9068,5937,27915,138541
2014-07-01,-68.648975,237.498,139073,354938,9219,6281,28124,138991
2014-08-01,-52.090284,237.46,139269,359892,9551,6191,28154,140557
2014-09-01,-33.855863,237.477,139563,361781,9369,6152,28490,142999
2014-10-01,-35.625239,237.43,139797,361873,9716,6363,28975,143759
2014-11-01,-16.206342,236.983,140090,355881,9654,6343,29187,143220
2014-12-01,-53.881662,236.252,140364,347081,9654,6328,29352,141428
2015-01-01,-75.731901,234.747,140568,348933,9977,6295,29211,140800
2015-02-01,-105.41377,235.342,140827,348835,9442,6329,28864,141756
2015-03-01,-98.956693,235.976,140923,339671,9255,6347,28454,141500
2015-04-01,-96.253983,236.222,141196,346931,9178,6306,28524,141373
2015-05-01,-95.463337,237.001,141538,354542,9001,6264,28462,142811
2015-06-01,-79.790909,237.657,141709,348026,8963,6188,28626,141845
2015-07-01,-46.472604,238.034,141991,351563,8930,6091,28596,141280
2015-08-01,-37.457989,238.033,142125,356903,9001,5968,28388,141770
2015-09-01,-55.214716,237.498,142275,357263,8753,5904,28376,143004
2015-10-01,-66.536247,237.733,142579,355909,8626,5957,28370,143307
2015-11-01,-97.381041,238.017,142808,350086,8299,6012,28486,142925
2015-12-01,-108.5699,237.761,143077,344341,8121,5859,28696,141691
2016-01-01,-137.91615,237.652,143210,349159,6164,4585,25933,142361
2016-02-01,-160.6218,237.336,143407,347800,6017,4610,25781,143744
2016-03-01,-138.52907,238.08,143662,338800,5972,4511,25344,143268
2016-04-01,-92.701624,238.992,143855,346715,6193,4576,25171,143825
2016-05-01,-90.744263,239.557,143900,351995,6238,4576,24842,145747
2016-06-01,-92.813261,240.222,144146,349890,6367,4581,24968,144641
2016-07-01,-77.425297,240.101,144520,350146,6436,4521,24895,144941
2016-08-01,-82.443718,240.545,144662,354002,6419,4459,24472,146098
2016-09-01,-61.823884,241.176,144967,356775,6219,4505,24543,147338
2016-10-01,-57.088753,241.741,145066,357370,6151,4513,24744,149076
2016-11-01,-36.00045,242.026,145183,351716,6067,4499,24834,149463
2016-12-01,-38.185068,242.637,145408,343833,5978,4493,25042,147273
2017-01-01,-52.99931,243.618,145628,343853,5989,4597,25028,147603
2017-02-01,-70.760022,244.006,145848,343761,6160,4626,25162,149837
2017-03-01,-29.803443,243.892,145969,340750,6154,4723,25407,150642
2017-04-01,-22.94736,244.193,146174,347199,6245,4734,25529,152789
2017-05-01,-45.458644,244.004,146380,353584,6312,4715,25479,153767
2017-06-01,-57.68824,244.163,146583,352236,6492,4714,25618,152888
2017-07-01,-52.362503,244.243,146772,350545,6633,4727,25690,152842
2017-08-01,-29.453105,245.183,146919,355778,6663,4675,25740,154208
2017-09-01,-12.044442,246.435,147007,360821,6718,4694,26207,156691
2017-10-01,-3.4707548,246.626,147150,359821,6674,4733,26375,158210
2017-11-01,-5.635197,247.284,147373,355723,6631,4754,26806,157384
2017-12-01,5.0624129,247.805,147523,346166,6543,4753,26927,155884
2018-01-01,-21.682312,248.859,147660,347710,6669,4805,27001,155315
2018-02-01,-31.711763,249.529,148054,349489,6732,4812,27724,157022
2018-03-01,-28.98135,249.577,148280,341002,6795,4899,27641,156853
2018-04-01,-31.262668,250.227,148422,350176,6948,5041,27994,158495
2018-05-01,-17.755955,250.792,148740,357754,7151,5054,28061,160570
2018-06-01,-13.215068,251.018,148959,355605,7367,5034,28435,159314
2018-07-01,6.7948838,251.214,149020,357468,7418,5070,28553,159453
2018-08-01,10.357092,251.663,149279,362756,7476,5074,28373,159277
2018-09-01,-6.3800435,252.182,149358,365615,7557,5035,28630,162762
2018-10-01,0.10839052,252.772,149526,368012,7651,5128,29106,163717
2018-11-01,-25.591327,252.594,149617,364927,7640,5134,29422,163420
2018-12-01,-14.160948,252.767,149809,357047,7631,5107,29708,161289
2019-01-01,-36.694064,252.561,150059,357160,7811,5104,29948,159943
2019-02-01,-89.296679,253.319,150065,356603,7941,5169,30399,161697
2019-03-01,-81.709019,254.277,150295,348223,7977,5147,30530,161255
2019-04-01,-69.096684,255.233,150593,354133,8276,5170,30286,163038
2019-05-01,-39.668054,255.296,150621,359220,8429,5163,30310,164579
2019-06-01,-26.961608,255.213,150839,360109,8559,5205,30669,163195
2019-07-01,19.529014,255.802,150936,352469,8742,5242,31401,164697
2019-08-01,25.423352,256.036,151171,368076,8712,5234,31248,164750
2019-09-01,38.342912,256.43,151365,372013,8462,5257,31285,167941
2019-10-01,17.127336,257.155,151460,371460,8317,5293,31793,169278
2019-11-01,-8.2023765,257.879,151668,365018,8104,5267,31703,167810
2019-12-01,-11.038655,258.63,151795,360544,7942,5278,31711,165967
2020-01-01,-78.867191,259.127,152031,361793,7877,5455,31700,163788
2020-02-01,-120.65666,259.25,152292,358817,7905,5531,31917,165028
2020-03-01,-93.514124,258.076,150895,342788,7795,5347,30678,161173
2020-04-01,-82.581262,256.032,130424,308555,7082,4824,29344,147229
2020-05-01,-112.91438,255.802,133040,317458,6779,4694,28039,147634
2020-06-01,-28.061948,257.042,137671,327483,6637,4645,27758,148181
2020-07-01,7.0127939,258.352,139255,327005,6597,4702,26974,148245
2020-08-01,-0.62502621,259.316,140819,343237,6653,4744,26879,151734
2020-09-01,-7.8959848,259.997,141770,344873,6594,4711,26882,153435
2020-10-01,6.6386818,260.319,142461,349351,6630,4839,27239,157488
2020-11-01,-25.787389,260.911,142731,347313,6453,4852,26997,155145
2020-12-01,-20.77035,262.045,142548,340690,6370,4818,26926,153942
2021-01-01,7.9002063,262.639,142913,341627,6110,4910,26702,153537
2021-02-01,-2.3005064,263.573,143422,339110,6127,4978,26798,154141
2021-03-01,27.050454,264.847,144246,331310,6190,5009,26655,154156
2021-04-01,46.963687,266.625,144611,340235,6267,4997,26618,155709
2021-05-01,64.53131,268.404,145032,348465,6405,4980,26640,156422
2021-06-01,62.725574,270.71,145828,345136,6496,4938,26807,156002
2021-07-01,70.80292,271.965,146759,350091,6607,4937,27078,157254
2021-08-01,86.115926,272.752,147246,354207,6645,4954,27072,158435
2021-09-01,100.05923,273.942,147712,359195,6667,4911,27364,160123
2021-10-01,110.98398,276.528,148569,363030,6732,4892,27744,163791
2021-11-01,55.293789,278.824,149206,364028,6671,4897,28095,161819
2021-12-01,56.607659,280.806,149781,358053,6618,4869,28161,162174
2022-01-01,8.6501792,282.542,150006,359954,6563,4784,27543,161153
2022-02-01,12.236026,284.525,150875,361416,6626,4886,27668,162604
2022-03-01,40.85046,287.467,151346,354445,6677,4940,27698,162990
2022-04-01,30.204427,288.582,151651,361194,6716,4945,27799,162358
2022-05-01,57.628531,291.299,151892,362691,6818,4898,27886,164592
2022-06-01,35.655127,295.072,152353,362431,7059,4886,27767,163723
2022-07-01,21.873812,294.94,153049,364849,7190,4933,27871,164438
2022-08-01,-16.624197,295.162,153286,371806,7359,4891,27996,165742
2022-09-01,-11.70551,296.421,153513,375034,7399,4897,28216,165855
2022-10-01,7.8166039,297.979,153913,374234,7315,4848,28242,167734
2022-11-01,-25.652734,298.708,154210,370607,7224,4877,28291,165196
2022-12-01,-14.313669,298.808,154336,364910,7204,4899,28287,165851
2023-01-01,-61.598763,300.456,154780,362185,7290,4778,28296,163428
2023-02-01,-94.082716,301.476,155086,362054,7358,4836,28706,165815
2023-03-01,-17.755117,301.643,155171,358815,7428,4876,28894,166808
2023-04-01,-13.142891,302.858,155387,361255,7449,4826,28848,167632
2023-05-01,-17.545639,303.316,155614,367324,7540,4799,28912,168299
2023-06-01,-44.536962,304.099,155871,369142,7784,4831,29364,167646
2023-07-01,-48.496574,304.615,156019,367163,7804,5123,29426,168275
2023-08-01,-38.772209,306.138,156176,375662,7808,5132,29479,169629
2023-09-01,-19.836387,307.374,156334,379588,7820,5165,29493,170554
2023-10-01,9.5827219,307.653,156520,378839,7728,5079,29943,171198
2023-11-01,7.6101184,308.087,156661,376020,7570,5175,30253,169696
2023-12-01,40.220392,308.735,156930,365769,7529,5072,29886,168150
2024-01-01,-5.0334401,309.794,157049,365922,7495,4934,29675,165542
2024-02-01,21.398842,311.022,157271,365119,7610,4990,29766,168072
2024-03-01,26.837992,312.107,157517,361385,7642,5021,29745,168773
2024-04-01,1.2514724,313.016,157635,366401,7773,5011,29909,169727
2024-05-01,10.432794,313.14,157828,369051,7844,4999,29851,171090
2024-06-01,12.019388,313.131,157915,370511,7967,4996,30145,170172
2024-07-01,12.205503,313.566,158003,373687,8017,5063,30219,170681
2024-08-01,0.70145604,314.131,158074,379066,8149,4985,29922,170787
2024-09-01,14.191112,314.851,158314,383653,7991,5055,30329,171963
2024-10-01,-2.3127804,315.564,158358,383788,7949,4995,30520,172288
2024-11-01,-10.348184,316.449,158619,381095,7797,5051,30554,169385
2024-12-01,-44.281394,317.603,158942,374200,7730,5002,30634,169194
2025-01-01,-61.275407,319.086,159053,374858,7697,5009,30206,168205
2025-02-01,-65.493976,319.775,159155,374442,7722,5061,30203,168153
2025-03-01,-11.188634,319.615,159275,372672,7874,5047,30307,169080
2025-04-01,-22.928901,320.321,159433,374055,8006,5073,30675,170060
2025-05-01,-24.393463,320.58,159452,377467,8072,5027,30404,169710
2025-06-01,-1.6912776,321.5,159466,373954,8169,5019,30805,168359
2025-07-01,NA,NA,159539,NA,NA,NA,NA,NA
